"process_id","arm","thread_starts","first_worker_after_last_test_ms","largest_gap_ms"
"2240816","failing","10","5008.736","5008.736"
"15516","healthy","8","0.4","142.945"
"32780","healthy","9","0.369","137.85"
"315228","healthy","9","0.354","118.276"
"341540","healthy","9","2.895","177.555"
"347040","healthy","9","2.861","140.034"
"348576","healthy","9","0.408","125.553"
"350620","healthy","9","0.364","127.233"
"352016","healthy","9","0.397","124.751"
"508184","healthy","9","3.671","153.318"
"539232","healthy","9","0.377","152.298"
"565648","healthy","9","2.898","137.05"
"568252","healthy","9","3.244","123.473"
"588004","healthy","9","2.92","141.543"
"606624","healthy","9","0.375","147.99"
"608112","healthy","9","0.399","138.069"
"773036","healthy","9","4.447","157.651"
"776232","healthy","9","0.41","170.984"
"780800","healthy","9","0.394","132.09"
"797012","healthy","8","2.25","203.871"
"823120","healthy","9","0.463","176.704"
"825808","healthy","9","0.314","130.325"
"827200","healthy","9","0.368","124.053"
"827216","healthy","8","2.953","127.039"
"827616","healthy","9","0.295","130.547"
"1213200","healthy","9","0.399","161.798"
"1213376","healthy","9","0.283","129.337"
"1213436","healthy","9","0.625","134.49"
"1235920","healthy","9","0.387","129.83"
"1335276","healthy","9","0.394","155.075"
"1339972","healthy","9","0.339","156.579"
"1347048","healthy","9","0.66","136.081"
"1347392","healthy","9","3.271","136.134"
"1347588","healthy","9","3.069","134.768"
"1347848","healthy","9","0.461","190.957"
"1348196","healthy","9","3.117","130.248"
"1348604","healthy","9","2.959","124.7"
"1390288","healthy","9","0.392","127.576"
"1476180","healthy","9","0.344","126.135"
"1609244","healthy","9","0.441","126.235"
"1612944","healthy","9","10.647","153.76"
"1621156","healthy","9","0.299","128.971"
"1624908","healthy","9","2.702","143.049"
"1626088","healthy","9","0.466","130.81"
"1658208","healthy","9","3.067","168.596"
"1707460","healthy","9","0.406","162.786"
"1722644","healthy","9","2.741","198.969"
"1722828","healthy","9","2.811","131.586"
"1723012","healthy","9","0.402","132.898"
"1732480","healthy","9","2.868","138.94"
"1741040","healthy","9","2.905","117.036"
"1753924","healthy","9","0.418","119.309"
"1758260","healthy","9","0.382","131.985"
"1760936","healthy","9","0.366","201.61"
"1761308","healthy","9","2.733","129.915"
"1761616","healthy","9","0.302","157.277"
"1761680","healthy","9","0.369","129.893"
"1768308","healthy","9","0.385","156.149"
"1768624","healthy","9","2.993","157.103"
"1770992","healthy","9","2.765","135.999"
"1771444","healthy","8","16.554","134.992"
"1771484","healthy","9","0.416","132.393"
"1771836","healthy","9","3.069","127.62"
"1771916","healthy","9","2.764","133.353"
"1771936","healthy","9","2.803","126.45"
"1772136","healthy","9","0.37","158.56"
"1794604","healthy","9","0.394","143.364"
"1800668","healthy","9","0.547","159.822"
"1801428","healthy","9","0.376","128.232"
"1801476","healthy","9","0.304","198.064"
"1801544","healthy","9","0.393","132.667"
"1802184","healthy","9","0.479","127.325"
"2010392","healthy","9","0.466","138.139"
"2020528","healthy","9","0.434","252.47"
"2042608","healthy","9","3.099","147.241"
"2053232","healthy","9","0.46","131.812"
"2059384","healthy","9","2.999","139.309"
"2060760","healthy","9","0.29","129.363"
"2060772","healthy","9","0.487","256.875"
"2063828","healthy","9","0.379","132.604"
"2070804","healthy","9","2.576","164.692"
"2085236","healthy","9","0.366","122.008"
"2118712","healthy","9","0.343","112.53"
"2119996","healthy","9","0.38","124.154"
"2150576","healthy","9","3.07","138.482"
"2156056","healthy","9","0.425","180.547"
"2167336","healthy","8","0.406","130.536"
"2169576","healthy","9","2.757","139.967"
"2170140","healthy","9","3.216","154.681"
"2171052","healthy","9","0.349","133.028"
"2172616","healthy","9","0.369","122.218"
"2172904","healthy","9","0.409","126.143"
"2173404","healthy","9","2.65","139.564"
"2174540","healthy","9","0.315","133.484"
"2174588","healthy","9","0.368","175.391"
"2175432","healthy","9","2.752","153.388"
"2175832","healthy","9","3.028","129.383"
"2176512","healthy","9","2.838","117.795"
"2176724","healthy","9","0.363","118.133"
"2177880","healthy","8","0.394","136.906"
"2179672","healthy","9","2.923","133.543"
"2182628","healthy","9","3.193","150.159"
"2182808","healthy","9","2.758","129"
"2183204","healthy","9","0.32","129.254"
"2183948","healthy","9","0.39","161.459"
"2184644","healthy","9","0.305","129.69"
"2185504","healthy","9","2.562","128.95"
"2188620","healthy","9","0.385","123.888"
"2194908","healthy","9","2.773","131.77"
"2194948","healthy","9","0.3","128.175"
"2195052","healthy","9","0.384","125.142"
"2195264","healthy","9","2.814","128.488"
"2195300","healthy","9","0.326","142.02"
"2195880","healthy","8","0.232","148.209"
"2198844","healthy","9","0.362","123.146"
"2200492","healthy","9","2.996","145.015"
"2201548","healthy","9","0.33","161.394"
"2203320","healthy","9","0.554","141.279"
"2203352","healthy","9","0.563","119.539"
"2203848","healthy","9","0.39","133.09"
"2206364","healthy","9","0.376","157.382"
"2207968","healthy","9","0.35","125.372"
"2208392","healthy","9","0.373","132.802"
"2209304","healthy","9","0.387","129.373"
"2209368","healthy","9","2.938","139.537"
"2210432","healthy","9","0.272","153.196"
"2211576","healthy","9","0.362","118.135"
"2211836","healthy","9","0.347","162.806"
"2212468","healthy","9","0.504","130.976"
"2212652","healthy","9","0.416","184.027"
"2213420","healthy","9","0.3","157.806"
"2214672","healthy","9","2.833","150.443"
"2215292","healthy","9","0.4","128.234"
"2215564","healthy","9","0.431","162.582"
"2215580","healthy","9","0.382","132.437"
"2218456","healthy","8","0.457","135.967"
"2218908","healthy","9","0.366","117.885"
"2219312","healthy","9","0.286","185.445"
"2220220","healthy","9","0.402","141.3"
"2220292","healthy","9","0.325","129.513"
"2220684","healthy","9","2.965","139.271"
"2221492","healthy","9","2.627","139.705"
"2221496","healthy","9","0.448","144.163"
"2222160","healthy","9","2.983","170.573"
"2222620","healthy","9","0.381","128.076"
"2222640","healthy","9","0.518","157.239"
"2223184","healthy","9","0.343","129.877"
"2223188","healthy","9","0.393","179.482"
"2223208","healthy","9","0.381","121.357"
"2224120","healthy","9","0.364","144.843"
"2224308","healthy","9","0.29","139.679"
"2224368","healthy","9","0.346","133.478"
"2224400","healthy","9","0.385","133.071"
"2225136","healthy","9","3.142","172.605"
"2226180","healthy","9","2.887","169.397"
"2226256","healthy","9","3.117","152.687"
"2226416","healthy","9","0.28","121.239"
"2226472","healthy","9","0.332","209.354"
"2226604","healthy","9","3.288","130.69"
"2226620","healthy","9","0.287","141.847"
"2227264","healthy","9","2.9","122.95"
"2227296","healthy","9","2.6","128.592"
"2227532","healthy","9","3.414","257.703"
"2227536","healthy","9","0.316","171.979"
"2227612","healthy","9","0.394","184.712"
"2227888","healthy","8","3.235","178.682"
"2228156","healthy","8","2.527","165.519"
"2228256","healthy","9","2.818","129.848"
"2228308","healthy","9","3.038","122.942"
"2228412","healthy","9","0.375","133.327"
"2228508","healthy","9","2.886","131.847"
"2228568","healthy","9","0.405","131.416"
"2228624","healthy","9","2.831","132.269"
"2228980","healthy","9","3.06","147.642"
"2229128","healthy","8","0.412","128.601"
"2229284","healthy","9","0.361","126.658"
"2229340","healthy","9","3.101","144.623"
"2229640","healthy","8","0.516","136.759"
"2229688","healthy","8","0.393","118.701"
"2229744","healthy","9","0.352","113.568"
"2229780","healthy","9","0.33","159.075"
"2229884","healthy","9","0.395","156.508"
"2230084","healthy","9","0.3","130.077"
"2230232","healthy","9","0.323","210.556"
"2230240","healthy","9","0.401","173.734"
"2230300","healthy","9","3.607","129.583"
"2230316","healthy","9","3.245","130.24"
"2230408","healthy","9","2.831","131.805"
"2230440","healthy","9","0.723","133.95"
"2230452","healthy","9","2.722","131.03"
"2230460","healthy","9","0.352","127.692"
"2230500","healthy","9","3.135","157.899"
"2230532","healthy","9","0.454","165.999"
"2230552","healthy","9","0.305","134.606"
"2230632","healthy","9","2.734","140.043"
"2230680","healthy","9","0.285","129.552"
"2230740","healthy","9","0.373","125.409"
"2230760","healthy","9","2.834","130.676"
"2230820","healthy","8","0.369","162.879"
"2230828","healthy","9","0.487","118.502"
"2230864","healthy","8","3.143","172.096"
"2230908","healthy","9","0.422","154.259"
"2230964","healthy","9","0.392","129.125"
"2230984","healthy","9","0.325","131.407"
"2231000","healthy","8","3.629","144.288"
"2231100","healthy","9","0.4","129.41"
"2231132","healthy","9","0.389","129.068"
"2231252","healthy","9","2.949","176.312"
"2231260","healthy","9","2.797","116.812"
"2231324","healthy","9","0.396","123.977"
"2231396","healthy","8","0.33","130.914"
"2231456","healthy","9","0.403","129.34"
"2231476","healthy","9","0.423","129.827"
"2231580","healthy","9","0.396","127.373"
"2231624","healthy","9","0.372","143.228"
"2231740","healthy","9","2.867","132.351"
"2231760","healthy","9","0.39","116.193"
"2231776","healthy","9","2.854","131.289"
"2231848","healthy","9","0.379","168.448"
"2232020","healthy","9","7.039","143.521"
"2232032","healthy","9","2.803","140.521"
"2232060","healthy","9","0.298","129.715"
"2232120","healthy","9","0.311","131.647"
"2232144","healthy","9","0.354","124.416"
"2232296","healthy","9","0.445","138.588"
"2232328","healthy","9","0.429","175.001"
"2232344","healthy","9","0.378","161.263"
"2232464","healthy","9","0.348","152.238"
"2232500","healthy","9","3.005","132.345"
"2232660","healthy","9","2.591","133.199"
"2232688","healthy","9","2.673","136.811"
"2232800","healthy","9","0.329","148.722"
"2232888","healthy","9","0.335","121.18"
"2232908","healthy","9","2.859","133.829"
"2232916","healthy","9","0.351","133.661"
"2233048","healthy","8","0.375","128.494"
"2233080","healthy","9","0.346","124.382"
"2233092","healthy","9","0.489","118.819"
"2233100","healthy","9","2.794","128.578"
"2233192","healthy","9","0.411","143.205"
"2233196","healthy","9","0.329","136.773"
"2233220","healthy","9","0.437","129.417"
"2233240","healthy","9","0.407","125.2"
"2233244","healthy","9","0.29","130.296"
"2233256","healthy","9","0.362","129.619"
"2233384","healthy","9","0.4","133.172"
"2233396","healthy","8","3.292","196.144"
"2233416","healthy","9","0.492","136.955"
"2233472","healthy","9","2.793","126.868"
"2233480","healthy","9","0.406","182.939"
"2233536","healthy","9","0.406","146.512"
"2233552","healthy","9","2.802","182.596"
"2233632","healthy","9","0.398","125.712"
"2233736","healthy","9","0.362","129.417"
"2233756","healthy","8","0.489","122.842"
"2233784","healthy","9","0.316","131.415"
"2233788","healthy","9","0.422","121.858"
"2233792","healthy","9","2.712","133.848"
"2233808","healthy","9","0.366","129.101"
"2233836","healthy","9","0.414","143.188"
"2233864","healthy","9","0.373","123.602"
"2233920","healthy","9","2.833","131.045"
"2233928","healthy","9","0.367","139.056"
"2233972","healthy","9","3.21","143.264"
"2234072","healthy","9","0.32","131.673"
"2234088","healthy","9","0.44","132.655"
"2234184","healthy","9","0.362","124.871"
"2234216","healthy","9","0.386","122.808"
"2234228","healthy","9","2.719","128.849"
"2234280","healthy","9","0.324","150.034"
"2234452","healthy","9","0.372","131.435"
"2234476","healthy","9","0.324","139.02"
"2234508","healthy","9","2.665","131.779"
"2234520","healthy","9","0.51","127.38"
"2234560","healthy","9","0.494","136.397"
"2234584","healthy","9","0.378","130.431"
"2234652","healthy","9","0.391","130.79"
"2234656","healthy","9","0.535","128.374"
"2234700","healthy","9","3.094","137.822"
"2234728","healthy","9","2.899","130.276"
"2234804","healthy","9","3.074","166.851"
"2234808","healthy","9","2.601","132.379"
"2234852","healthy","9","0.333","134.552"
"2234924","healthy","9","0.361","131.846"
"2234996","healthy","8","0.493","123.907"
"2235048","healthy","9","2.904","131.803"
"2235056","healthy","9","2.774","132.114"
"2235064","healthy","9","2.991","152.33"
"2235100","healthy","9","2.669","127.009"
"2235152","healthy","9","0.62","182.622"
"2235156","healthy","9","2.854","163.301"
"2235176","healthy","9","3.075","127.637"
"2235180","healthy","9","2.815","129.169"
"2235212","healthy","9","0.367","130.505"
"2235268","healthy","9","2.951","124.644"
"2235316","healthy","9","0.407","126.324"
"2235404","healthy","9","2.917","234.034"
"2235428","healthy","9","0.474","137.207"
"2235488","healthy","9","3.091","157.653"
"2235512","healthy","9","0.511","134.579"
"2235516","healthy","9","2.749","173.081"
"2235524","healthy","9","2.712","124.075"
"2235528","healthy","9","0.393","130.883"
"2235576","healthy","9","2.773","130.389"
"2235608","healthy","9","0.406","141.998"
"2235620","healthy","8","0.514","129.939"
"2235684","healthy","8","0.506","141.015"
"2235724","healthy","9","0.403","155.831"
"2235776","healthy","9","0.291","156.987"
"2235796","healthy","9","2.99","152.426"
"2235800","healthy","9","0.306","134.256"
"2235828","healthy","9","3.11","129.199"
"2235920","healthy","9","0.55","138.921"
"2235936","healthy","9","3.315","131.401"
"2235968","healthy","9","0.37","160.345"
"2235984","healthy","9","2.972","183.584"
"2236016","healthy","9","0.369","131.752"
"2236040","healthy","9","2.801","139.831"
"2236060","healthy","8","1.122","153.065"
"2236092","healthy","9","0.363","211.034"
"2236100","healthy","9","0.396","132.681"
"2236112","healthy","9","2.761","134.077"
"2236164","healthy","9","0.382","134.252"
"2236168","healthy","9","0.45","123.874"
"2236192","healthy","9","0.381","120.165"
"2236244","healthy","9","0.33","136.198"
"2236284","healthy","9","2.831","145.353"
"2236300","healthy","8","0.373","151.689"
"2236356","healthy","9","3.033","139.301"
"2236384","healthy","9","2.717","140.694"
"2236444","healthy","9","0.39","147.936"
"2236456","healthy","9","3.167","130.92"
"2236460","healthy","9","0.44","130.015"
"2236464","healthy","9","2.77","123.165"
"2236472","healthy","9","0.401","130.622"
"2236488","healthy","9","0.373","126.145"
"2236548","healthy","9","0.409","153.436"
"2236664","healthy","9","0.371","131.823"
"2236724","healthy","9","2.909","125.367"
"2236748","healthy","9","0.366","123.914"
"2236792","healthy","9","0.341","130.897"
"2236836","healthy","9","0.455","134.933"
"2236908","healthy","9","0.399","135.805"
"2236940","healthy","9","0.428","126.349"
"2236952","healthy","9","0.291","135.866"
"2236956","healthy","9","0.354","125.155"
"2236964","healthy","8","2.642","253.296"
"2236988","healthy","9","2.762","129.444"
"2237008","healthy","9","2.863","126.814"
"2237016","healthy","9","0.416","125.007"
"2237068","healthy","9","3.235","137.693"
"2237080","healthy","9","0.332","153.474"
"2237084","healthy","9","3","130.417"
"2237128","healthy","9","0.389","131.229"
"2237188","healthy","9","0.415","126.303"
"2237204","healthy","9","0.462","143.082"
"2237232","healthy","9","2.578","128.317"
"2237236","healthy","9","2.945","151.722"
"2237244","healthy","9","0.424","138.577"
"2237312","healthy","9","0.354","162.948"
"2237356","healthy","9","0.37","129.634"
"2237368","healthy","9","2.849","133.361"
"2237372","healthy","9","0.392","143.149"
"2237392","healthy","9","3.216","148.069"
"2237404","healthy","9","0.36","140.487"
"2237436","healthy","9","0.311","130.671"
"2237444","healthy","9","2.669","123.33"
"2237452","healthy","9","0.352","133.048"
"2237456","healthy","8","0.392","124.816"
"2237524","healthy","9","0.307","138.422"
"2237528","healthy","9","0.319","146.111"
"2237548","healthy","9","3.432","160.773"
"2237560","healthy","9","3.037","120.513"
"2237580","healthy","9","0.306","128.736"
"2237600","healthy","9","3.035","154.34"
"2237628","healthy","9","0.3","171.88"
"2237672","healthy","9","0.399","154.554"
"2237700","healthy","9","0.398","129.248"
"2237704","healthy","9","0.342","131.123"
"2237752","healthy","9","0.367","149.707"
"2237772","healthy","9","0.381","130.047"
"2237776","healthy","9","0.383","143.247"
"2237788","healthy","9","0.428","141.264"
"2237796","healthy","9","2.978","131.097"
"2237800","healthy","9","0.372","134.664"
"2237832","healthy","9","0.39","152.583"
"2237844","healthy","9","0.384","128.292"
"2237852","healthy","9","0.366","285.818"
"2237860","healthy","9","0.395","119.923"
"2237872","healthy","8","0.406","152.796"
"2237900","healthy","9","0.323","196.526"
"2237912","healthy","9","2.891","119.218"
"2237928","healthy","9","0.482","139.787"
"2237940","healthy","9","3.077","155.751"
"2237948","healthy","9","0.421","186.595"
"2237956","healthy","9","0.395","124.647"
"2237968","healthy","9","0.468","129.956"
"2238024","healthy","9","0.352","128.894"
"2238052","healthy","9","0.382","118.286"
"2238080","healthy","9","0.483","131.377"
"2238104","healthy","9","0.357","178.166"
"2238108","healthy","9","0.411","123.753"
"2238132","healthy","9","0.364","126.141"
"2238140","healthy","9","2.883","127.026"
"2238192","healthy","9","0.365","117.942"
"2238200","healthy","9","0.396","117.298"
"2238208","healthy","9","0.344","133.074"
"2238212","healthy","9","0.501","140.977"
"2238220","healthy","9","3.625","157.692"
"2238228","healthy","9","0.378","128.247"
"2238232","healthy","9","0.446","122.34"
"2238236","healthy","9","2.908","136.065"
"2238252","healthy","9","0.406","145.324"
"2238260","healthy","9","0.389","127.061"
"2238292","healthy","9","3.176","129.911"
"2238296","healthy","9","0.419","148.829"
"2238320","healthy","9","3.037","257.277"
"2238324","healthy","9","0.405","140.708"
"2238328","healthy","9","0.383","142.789"
"2238348","healthy","9","0.386","121.647"
"2238360","healthy","9","0.345","127.6"
"2238392","healthy","9","0.308","133.577"
"2238424","healthy","9","2.92","156.757"
"2238548","healthy","9","2.71","139.31"
"2238576","healthy","9","0.387","147.561"
"2238620","healthy","9","0.382","133.577"
"2238632","healthy","9","0.392","160.242"
"2238636","healthy","9","3.489","122.868"
"2238648","healthy","9","0.426","188.703"
"2238652","healthy","9","0.377","130.16"
"2238716","healthy","9","2.742","126.295"
"2238732","healthy","9","0.3","132.715"
"2238736","healthy","9","0.286","116.751"
"2238740","healthy","9","0.324","119.078"
"2238792","healthy","9","0.429","163.76"
"2238816","healthy","9","2.903","154.627"
"2238844","healthy","9","0.365","132.654"
"2238848","healthy","9","3.712","118.608"
"2238856","healthy","9","0.391","154.51"
"2238864","healthy","9","0.317","130.403"
"2238868","healthy","9","0.362","133.355"
"2238880","healthy","9","0.315","119.655"
"2238896","healthy","9","2.828","177.594"
"2238912","healthy","9","2.65","137.921"
"2238916","healthy","9","0.384","130.83"
"2238928","healthy","9","0.398","129.851"
"2238940","healthy","9","0.427","126.178"
"2238964","healthy","9","0.52","130.844"
"2238968","healthy","8","0.478","152.488"
"2238972","healthy","9","0.495","130.966"
"2239000","healthy","9","0.412","129.932"
"2239004","healthy","9","2.676","133.224"
"2239016","healthy","9","0.415","208.041"
"2239020","healthy","9","0.354","130.362"
"2239028","healthy","9","0.379","140.194"
"2239040","healthy","9","3.024","134.154"
"2239056","healthy","9","0.272","125.32"
"2239112","healthy","9","3.197","159.885"
"2239224","healthy","9","0.319","158.667"
"2239236","healthy","9","0.341","131.238"
"2239240","healthy","9","3.232","138.408"
"2239252","healthy","9","0.379","182.422"
"2239264","healthy","9","0.387","138.419"
"2239300","healthy","9","0.413","183.712"
"2239316","healthy","9","0.293","159.676"
"2239332","healthy","9","2.922","140.33"
"2239336","healthy","9","0.38","165.88"
"2239340","healthy","9","0.427","151.55"
"2239356","healthy","9","0.403","130.574"
"2239380","healthy","9","0.339","133.565"
"2239448","healthy","9","0.392","128.963"
"2239452","healthy","9","2.793","140.951"
"2239492","healthy","9","0.407","132.636"
"2239520","healthy","9","2.819","126.343"
"2239548","healthy","9","2.828","218.073"
"2239556","healthy","9","3.163","165.996"
"2239560","healthy","9","0.375","152.913"
"2239564","healthy","9","0.417","151.604"
"2239592","healthy","9","0.275","132.817"
"2239604","healthy","9","0.393","145.24"
"2239616","healthy","9","0.359","129.479"
"2239644","healthy","9","0.364","141.729"
"2239648","healthy","9","3.019","166.804"
"2239672","healthy","9","0.358","137.463"
"2239676","healthy","9","0.357","166.76"
"2239692","healthy","8","0.398","134.439"
"2239700","healthy","9","0.305","160.893"
"2239704","healthy","9","3.048","142.753"
"2239712","healthy","9","0.391","160.795"
"2239720","healthy","9","5.313","115.069"
"2239732","healthy","9","0.372","121.647"
"2239736","healthy","9","0.39","127.547"
"2239740","healthy","9","0.362","150.936"
"2239744","healthy","9","3.713","160.85"
"2239748","healthy","9","0.368","126.827"
"2239756","healthy","9","2.823","119.325"
"2239788","healthy","9","0.412","132.106"
"2239828","healthy","9","2.94","134.482"
"2239836","healthy","9","0.464","131.782"
"2239864","healthy","9","0.432","131.514"
"2239868","healthy","8","0.365","133.597"
"2239896","healthy","9","2.822","112.666"
"2239904","healthy","9","0.385","115.934"
"2239936","healthy","9","0.381","135.548"
"2239944","healthy","9","2.82","120.751"
"2239948","healthy","9","0.471","118.254"
"2239952","healthy","9","2.961","126.883"
"2239960","healthy","9","2.718","130.412"
"2239964","healthy","9","2.802","128.49"
"2239980","healthy","9","0.357","127.058"
"2239984","healthy","9","0.524","148.357"
"2239988","healthy","9","0.39","144.328"
"2239992","healthy","9","0.379","128"
"2239996","healthy","9","0.388","129.26"
"2240024","healthy","9","0.368","126.194"
"2240032","healthy","9","0.36","131.15"
"2240040","healthy","9","0.413","118.109"
"2240064","healthy","9","2.9","144.675"
"2240076","healthy","9","0.353","132.184"
"2240080","healthy","9","0.376","126.028"
"2240108","healthy","9","0.455","155.009"
"2240112","healthy","9","2.68","131.46"
"2240116","healthy","9","0.348","117.332"
"2240124","healthy","9","3.118","136.841"
"2240160","healthy","9","0.633","129.658"
"2240164","healthy","9","3.106","174.32"
"2240168","healthy","9","2.929","151.789"
"2240172","healthy","9","0.372","129.04"
"2240176","healthy","9","2.913","139.47"
"2240184","healthy","9","3.052","113.319"
"2240204","healthy","9","0.39","137.974"
"2240212","healthy","9","3.088","157.043"
"2240228","healthy","8","0.349","159.218"
"2240240","healthy","9","2.887","119.634"
"2240248","healthy","9","0.388","120.648"
"2240252","healthy","9","0.372","157.337"
"2240256","healthy","9","0.379","119.618"
"2240284","healthy","9","0.391","126.294"
"2240292","healthy","8","0.392","157.703"
"2240296","healthy","9","2.943","119.395"
"2240316","healthy","9","2.856","139.091"
"2240332","healthy","9","0.375","134.883"
"2240336","healthy","9","0.282","165.849"
"2240356","healthy","9","2.807","126.937"
"2240360","healthy","9","0.371","124.116"
"2240372","healthy","9","0.307","160.821"
"2240412","healthy","8","0.387","112.089"
"2240416","healthy","9","2.975","123.989"
"2240424","healthy","9","0.487","116.734"
"2240428","healthy","8","0.675","135.412"
"2240448","healthy","9","0.353","149.038"
"2240452","healthy","9","3.025","130.365"
"2240468","healthy","9","0.498","129.998"
"2240484","healthy","9","3.01","143.161"
"2240496","healthy","9","0.36","146.278"
"2240524","healthy","9","3.059","262.561"
"2240528","healthy","9","17.928","158.672"
"2240568","healthy","9","0.388","154.371"
"2240604","healthy","9","0.373","119.996"
"2240608","healthy","9","0.386","127.399"
"2240612","healthy","9","0.375","125.995"
"2240620","healthy","9","2.686","150.512"
"2240624","healthy","9","0.357","144.179"
"2240636","healthy","9","2.892","128.542"
"2240640","healthy","10","2.724","140.317"
"2240648","healthy","9","0.389","139.479"
"2240652","healthy","9","2.806","153.563"
"2240656","healthy","9","0.4","136.667"
"2240660","healthy","9","5.88","187.454"
"2240688","healthy","9","0.363","137.14"
"2240728","healthy","9","2.989","126.558"
"2240732","healthy","9","0.31","160.549"
"2240736","healthy","9","0.393","137.051"
"2240756","healthy","9","2.748","166.915"
"2240768","healthy","9","2.892","156.314"
"2240776","healthy","9","3.034","154.863"
"2240780","healthy","9","0.326","133.92"
"2240796","healthy","9","0.379","129.919"
"2240808","healthy","9","2.833","145.106"
"2240812","healthy","9","0.694","129.475"
"2240820","healthy","9","0.288","128.467"
"2240824","healthy","9","0.387","123.533"
"2240828","healthy","9","3.13","136.605"
"2240852","healthy","9","2.885","131.21"
"2240864","healthy","9","2.715","132.616"
"2240904","healthy","9","2.833","135.722"
"2240932","healthy","9","0.41","124.351"
"2240944","healthy","9","3.399","124.294"
"2240960","healthy","9","0.401","131.737"
"2240972","healthy","9","2.875","129.626"
"2240976","healthy","9","2.989","131.705"
"2240984","healthy","9","0.372","174.56"
"2241000","healthy","9","0.497","154.144"
"2241008","healthy","9","0.45","149.327"
"2241032","healthy","9","3.178","186.13"
"2241036","healthy","9","2.973","131.795"
"2241048","healthy","9","0.414","158.473"
"2241052","healthy","9","0.445","120.466"
"2241096","healthy","8","0.652","138.339"
"2241124","healthy","9","2.959","132.434"
"2241128","healthy","9","0.306","131.849"
"2241132","healthy","9","0.434","127.478"
"2241140","healthy","9","0.389","128.783"
"2241144","healthy","9","0.403","130.239"
"2241164","healthy","9","0.322","136.359"
"2241172","healthy","9","0.434","140.077"
"2241176","healthy","9","0.403","128.62"
"2241180","healthy","9","0.39","127.521"
"2241216","healthy","9","0.444","127.307"
"2241224","healthy","9","0.404","168.372"
"2241228","healthy","9","2.843","119.985"
"2241244","healthy","9","2.635","118.429"
"2241256","healthy","9","0.384","129.347"
"2241268","healthy","9","0.304","128.887"
"2241292","healthy","8","0.486","158.166"
"2241312","healthy","9","2.759","126.039"
"2241316","healthy","9","0.439","144.011"
"2241324","healthy","9","3.275","121.733"
"2241352","healthy","8","3.271","126.996"
"2241356","healthy","9","0.727","133.416"
"2241372","healthy","8","3.258","162.674"
"2241396","healthy","9","0.327","129.649"
"2241404","healthy","9","0.419","132.415"
"2241440","healthy","9","0.424","137.587"
"2241448","healthy","8","3.079","125.485"
"2241476","healthy","9","0.401","134.665"
"2241480","healthy","9","3.36","183.352"
"2241484","healthy","9","2.917","125.217"
"2241488","healthy","9","0.382","176.47"
"2241496","healthy","9","0.288","147.965"
"2241524","healthy","9","2.97","142.052"
"2241528","healthy","8","0.772","134.344"
"2241532","healthy","9","3.137","165.574"
"2241548","healthy","8","0.432","142.429"
"2241556","healthy","9","2.76","133.484"
"2241576","healthy","9","0.404","126.976"
"2241592","healthy","9","0.685","152.614"
"2241608","healthy","9","0.358","128.94"
"2241636","healthy","9","0.372","130.711"
"2241640","healthy","9","0.429","140.892"
"2241644","healthy","9","0.369","137.419"
"2241648","healthy","9","0.357","140.514"
"2241652","healthy","9","0.308","126.538"
"2241676","healthy","9","0.35","149.747"
"2241728","healthy","9","0.396","120.181"
"2241756","healthy","9","2.573","142.072"
"2241768","healthy","9","0.289","130.574"
"2241772","healthy","9","0.324","134.504"
"2241808","healthy","9","0.331","117.056"
"2241852","healthy","9","2.751","143.279"
"2241868","healthy","9","0.309","129.375"
"2241872","healthy","9","0.342","139.879"
"2241888","healthy","9","0.457","129.958"
"2241896","healthy","9","2.862","153.1"
"2241936","healthy","9","3.376","132.794"
"2241948","healthy","9","0.29","146.991"
"2241968","healthy","9","0.405","128.44"
"2241992","healthy","9","0.377","133.199"
"2241996","healthy","9","0.678","214.323"
"2242000","healthy","9","2.915","148.643"
"2242004","healthy","9","0.373","126.005"
"2242024","healthy","9","0.398","121.098"
"2242032","healthy","9","3.081","131.319"
"2242036","healthy","9","0.429","140.039"
"2242040","healthy","9","0.366","123.868"
"2242084","healthy","9","0.387","135.553"
"2242100","healthy","9","0.419","154.563"
"2242124","healthy","9","0.369","131.027"
"2242128","healthy","9","3.075","125.58"
"2242136","healthy","9","0.392","116.876"
"2242144","healthy","9","3.05","132.593"
"2242164","healthy","9","0.367","166.819"
"2242188","healthy","9","3.07","120.95"
"2242192","healthy","9","0.442","168.382"
"2242196","healthy","9","0.365","132.859"
"2242200","healthy","9","0.373","131.187"
"2242208","healthy","10","0.405","131.45"
"2242240","healthy","9","2.806","137.722"
"2242264","healthy","9","0.395","128.744"
"2242288","healthy","9","0.367","127.372"
"2242300","healthy","9","0.414","124.355"
"2242304","healthy","9","2.874","146.146"
"2242316","healthy","9","2.856","148.014"
"2242344","healthy","9","0.391","115.679"
"2242348","healthy","9","2.845","141.319"
"2242364","healthy","9","0.329","130.725"
"2242396","healthy","9","0.55","126.375"
"2242412","healthy","9","0.542","139.528"
"2242424","healthy","9","0.941","147.094"
"2242440","healthy","9","2.72","126.463"
"2242448","healthy","9","0.731","138.689"
"2242452","healthy","9","0.395","134.798"
"2242460","healthy","9","2.835","141.137"
"2242468","healthy","9","0.376","127.376"
"2242484","healthy","9","3.059","126.833"
"2242492","healthy","9","2.646","126.489"
"2242500","healthy","9","0.364","165.379"
"2242528","healthy","9","0.369","141.089"
"2242536","healthy","9","0.354","151.443"
"2242572","healthy","9","2.972","117.294"
"2242584","healthy","9","0.475","162.732"
"2242640","healthy","9","0.379","171.059"
"2242664","healthy","9","0.432","140.413"
"2242696","healthy","9","2.981","186.239"
"2242712","healthy","9","0.595","214.205"
"2242776","healthy","9","0.319","131.569"
"2242780","healthy","9","2.863","165.066"
"2242784","healthy","9","2.939","195.123"
"2242800","healthy","9","3.443","151.197"
"2242828","healthy","9","0.54","155.614"
"2242840","healthy","9","3.047","134.709"
"2242844","healthy","9","0.398","131.076"
"2242868","healthy","9","0.324","129.611"
"2242872","healthy","9","0.358","130.536"
"2242876","healthy","9","0.499","139.695"
"2242880","healthy","9","0.34","165.216"
"2242892","healthy","9","3.423","120.112"
"2242924","healthy","9","0.395","155.665"
"2242936","healthy","9","2.758","149.077"
"2242952","healthy","9","0.339","241.71"
"2242988","healthy","9","0.456","181.341"
"2243032","healthy","9","2.829","170.086"
"2243080","healthy","9","3.006","158.062"
"2243096","healthy","9","0.288","189.956"
"2243124","healthy","9","0.396","148.097"
"2243128","healthy","9","0.39","124.449"
"2243132","healthy","9","0.33","126.648"
"2243136","healthy","9","0.407","245.31"
"2243168","healthy","9","0.472","169.185"
"2243172","healthy","9","2.589","124.909"
"2243176","healthy","9","0.328","205.082"
"2243188","healthy","8","0.281","127.453"
"2243212","healthy","9","0.4","156.282"
"2243236","healthy","9","3.001","135.866"
"2243260","healthy","9","0.33","149.991"
"2243268","healthy","9","3.451","131.953"
"2243296","healthy","9","0.549","143.127"
"2243300","healthy","9","0.378","166.393"
"2243308","healthy","9","0.419","129.997"
"2243332","healthy","9","0.288","135.472"
"2243336","healthy","9","0.321","172.052"
"2243340","healthy","9","0.489","160.753"
"2243348","healthy","9","0.307","125.186"
"2243368","healthy","8","2.585","129.315"
"2243388","healthy","9","0.378","169.346"
"2243392","healthy","9","0.271","131.478"
"2243396","healthy","9","3.035","185.023"
"2243404","healthy","9","0.359","140.731"
"2243444","healthy","9","3.016","207.102"
"2243448","healthy","9","0.478","172.123"
"2243456","healthy","9","0.403","132.385"
"2243460","healthy","9","3.006","131.199"
"2243464","healthy","9","0.37","152.95"
"2243476","healthy","9","2.916","133.008"
"2243488","healthy","9","0.408","154.558"
"2243516","healthy","9","0.462","128.823"
"2243524","healthy","9","0.363","136.688"
"2243528","healthy","9","2.856","180.78"
"2243540","healthy","9","0.313","164.999"
"2243552","healthy","9","0.369","127.734"
"2243556","healthy","9","0.288","134.299"
"2243588","healthy","9","0.279","130.056"
"2243592","healthy","9","0.355","168.167"
"2243600","healthy","9","0.415","128.222"
"2243616","healthy","9","0.425","133.707"
"2243632","healthy","9","2.93","134.815"
"2243636","healthy","9","0.37","129.672"
"2243644","healthy","9","2.957","132.154"
"2243676","healthy","9","0.35","144.261"
"2243724","healthy","9","2.711","131.735"
"2243736","healthy","9","0.307","153.553"
"2243740","healthy","9","2.983","136.36"
"2243744","healthy","9","0.408","133.444"
"2243764","healthy","9","0.3","131.679"
"2243776","healthy","9","3.1","127.911"
"2243780","healthy","9","0.47","133.246"
"2243784","healthy","9","0.308","129.512"
"2243788","healthy","9","0.453","175.375"
"2243828","healthy","9","3.255","125.757"
"2243832","healthy","9","0.373","123.4"
"2243836","healthy","9","0.419","131.191"
"2243864","healthy","9","0.362","129.599"
"2243872","healthy","9","0.436","119.33"
"2243876","healthy","9","0.427","133.373"
"2243884","healthy","9","3.035","135.702"
"2243900","healthy","9","0.582","128.696"
"2243912","healthy","9","0.294","138.447"
"2243924","healthy","9","0.356","149.79"
"2243928","healthy","9","0.449","129.098"
"2243944","healthy","9","3.129","130.071"
"2243948","healthy","9","0.405","127.6"
"2243952","healthy","9","0.387","124.451"
"2243956","healthy","9","3.045","115.811"
"2243988","healthy","9","0.384","126.826"
"2243992","healthy","9","2.867","124.057"
"2243996","healthy","9","0.342","144.275"
"2244036","healthy","9","3.093","133.32"
"2244044","healthy","9","0.401","127.464"
"2244080","healthy","9","0.377","129.589"
"2244084","healthy","9","0.318","159.172"
"2244096","healthy","9","0.387","130.741"
"2244132","healthy","9","2.859","135.671"
"2244136","healthy","9","2.938","138.655"
"2244140","healthy","8","2.713","130.143"
"2244152","healthy","9","2.967","133.66"
"2244164","healthy","9","0.409","144.691"
"2244168","healthy","9","0.361","128.492"
"2244172","healthy","9","3.238","127.958"
"2244176","healthy","9","0.382","132.066"
"2244188","healthy","9","0.444","129.482"
"2244192","healthy","9","0.516","128.344"
"2244220","healthy","9","0.376","147.545"
"2244228","healthy","9","2.549","155.101"
"2244252","healthy","9","0.389","128.836"
"2244260","healthy","9","0.449","139.704"
"2244296","healthy","9","0.322","129.817"
"2244300","healthy","9","0.381","142.414"
"2244360","healthy","9","2.641","172.518"
"2244376","healthy","9","2.881","138.783"
"2244392","healthy","9","0.407","140.288"
"2244400","healthy","9","0.402","112.56"
"2244404","healthy","9","0.351","161.591"
"2244408","healthy","9","0.354","130.492"
"2244412","healthy","9","2.912","141.424"
"2244440","healthy","9","0.337","140.332"
"2244444","healthy","9","0.371","122.054"
"2244468","healthy","9","2.819","135.651"
"2244480","healthy","8","0.43","134.723"
"2244500","healthy","9","0.381","128.105"
"2244548","healthy","9","3.137","127.112"
"2244556","healthy","9","6.319","155.526"
"2244560","healthy","9","0.361","129.968"
"2244564","healthy","9","0.31","119.164"
"2244600","healthy","9","0.37","129.072"
"2244620","healthy","9","0.391","126.918"
"2244624","healthy","9","3.058","149.601"
"2244632","healthy","9","0.375","129.89"
"2244640","healthy","9","0.443","130.029"
"2244644","healthy","9","2.37","148.63"
"2244676","healthy","9","0.333","128.378"
"2244680","healthy","9","3.172","127.92"
"2244692","healthy","9","2.892","127.663"
"2244740","healthy","8","0.439","125.845"
"2244752","healthy","9","0.358","130.904"
"2244764","healthy","9","0.383","130.662"
"2244780","healthy","9","0.289","129.7"
"2244792","healthy","9","0.287","134.391"
"2244820","healthy","9","0.381","116.869"
"2244844","healthy","9","0.454","130.717"
"2244860","healthy","9","0.337","139.474"
"2244872","healthy","9","3.242","118.985"
"2244884","healthy","9","0.476","134.912"
"2244932","healthy","9","0.476","134.488"
"2244940","healthy","9","0.4","168.473"
"2244960","healthy","9","0.403","130.408"
"2244964","healthy","9","2.727","132.878"
"2244968","healthy","9","2.519","136.262"
"2244972","healthy","9","2.831","129.72"
"2244980","healthy","9","3.113","130.662"
"2244996","healthy","9","0.402","140.441"
"2245044","healthy","9","0.365","124.497"
"2245052","healthy","9","0.432","133.625"
"2245080","healthy","9","3.449","154.617"
"2245084","healthy","8","0.34","127.277"
"2245096","healthy","9","0.429","134.098"
"2245100","healthy","9","3.358","132.803"
"2245108","healthy","8","0.383","129.798"
"2245112","healthy","9","0.368","141.335"
"2245128","healthy","9","0.292","124.718"
"2245160","healthy","9","3.256","148.169"
"2245172","healthy","9","2.903","140.743"
"2245188","healthy","9","2.63","141.804"
"2245192","healthy","9","0.388","127.684"
"2245196","healthy","9","3.024","135.707"
"2245252","healthy","9","0.347","127.345"
"2245264","healthy","9","2.843","127.871"
"2245300","healthy","9","0.392","121.854"
"2245304","healthy","9","0.328","130.363"
"2245328","healthy","9","2.83","124.264"
"2245336","healthy","9","0.369","127.268"
"2245344","healthy","9","2.96","126.976"
"2245364","healthy","9","0.369","131.872"
"2245376","healthy","9","2.748","129.211"
"2245384","healthy","9","0.393","134.199"
"2245388","healthy","9","0.394","142.054"
"2245412","healthy","9","0.403","154.221"
"2245416","healthy","9","0.324","135.336"
"2245428","healthy","9","0.375","128.824"
"2245440","healthy","8","0.389","141.135"
"2245448","healthy","9","0.393","132.059"
"2245484","healthy","9","0.416","122.431"
"2245488","healthy","8","2.619","130.518"
"2245496","healthy","9","0.373","127.692"
"2245500","healthy","9","0.41","133.13"
"2245560","healthy","9","0.408","115.21"
"2245584","healthy","9","0.411","123.945"
"2245596","healthy","9","3.118","135.695"
"2245620","healthy","8","0.379","129.538"
"2245624","healthy","9","0.369","122.721"
"2245628","healthy","9","0.374","131.489"
