"capture","heartbeat_armed_s","heartbeat_due_s","trigger_first_record_s","last_record_before_stall_s","first_postmortem_s","records_in_between","heartbeat_firings_before_release","heartbeat_firings_total","first_heartbeat_firing_s","expiries_missed","first_callback_target","first_callback_s"
"stall-0121","0.000044","0.015669","0.000151","0.002467","5.014038","0","0","1","5.014458","320","work","5.014362"
"stall-0660","0.000029","0.015654","0.000116","0.002416","5.002980","0","0","1","5.003387","320","work","5.003290"
"stall-1450","0.000033","0.015658","0.000168","0.002851","5.008684","0","0","1","5.009163","320","work","5.009043"
"stall-1853","0.000047","0.015672","0.000161","0.002638","5.012173","0","0","1","5.012627","320","work","5.012507"
"stall-1928","0.000034","0.015659","0.000131","0.002550","5.014202","0","0","1","5.014783","320","work","5.014664"
"stall-2127","0.000043","0.015668","0.000145","0.002532","5.011261","0","0","1","5.011727","320","work","5.011632"
"stall-2247","0.000044","0.015669","0.000161","0.002559","5.010455","0","0","1","5.010950","320","work","5.010813"
"stall-2385","0.000032","0.015657","0.000138","0.002660","5.009190","0","0","1","5.009915","320","work","5.009696"
"stall-3318","0.000030","0.015655","0.000125","0.002505","5.012189","0","0","1","5.012636","320","work","5.012510"
"stall-3462","0.000044","0.015669","0.000199","0.002533","5.008541","0","0","1","5.008944","320","work","5.008847"
"stall-3505","0.000042","0.015667","0.000134","0.007198","5.014708","0","0","1","5.015397","320","work","5.015232"
"stall-3753","0.000032","0.015657","0.000129","0.002586","5.014342","0","0","1","5.014815","320","work","5.014705"
"stall-3813","0.000041","0.015666","0.000167","0.002612","5.011934","0","0","1","5.012439","320","work","5.012328"
