"capture","port_depth","total_workers","queued_for_deferred_create","deferred_timer_set"
"stall-00136.txt","2","0","0","0"
"stall-00230.txt","2","0","0","0"
"stall-00301.txt","2","0","0","0"
"stall-00423.txt","2","0","0","0"
"stall-01386.txt","2","0","0","0"
"stall-00120.txt","2","0","0","0"
"stall-00948.txt","2","0","0","0"
"stall-01199.txt","2","0","0","0"
"stall-01288.txt","2","0","0","0"
"stall-00025.txt","2","0","0","0"
"stall-00359.txt","2","0","0","0"
"stall-00127.txt","2","0","0","0"
"stall-00220.txt","2","0","0","0"
"stall-01326.txt","2","0","0","0"
