"arm","capture","delivery_armed_s","first_worker_ready_s","first_wait_callback_s","ready_minus_armed_ms","setup_associations","setup_already_signalled"
"stalled","stall-0503","0.146491","5.152506","5.152578","5006.015","3","0 0 0"
"stalled","stall-0935","0.143980","5.161195","5.161263","5017.215","3","0 0 0"
"stalled","stall-1226","0.211861","5.220134","5.220197","5008.273","3","0 0 0"
"stalled","stall-1599","0.159239","5.170964","5.171031","5011.725","3","0 0 0"
"stalled","stall-1625","0.130372","5.143816","5.143890","5013.444","3","0 0 0"
"stalled","stall-1973","0.134196","5.145955","5.146018","5011.759","3","0 0 0"
"stalled","stall-3060","0.131293","5.134505","5.134585","5003.212","3","0 0 0"
"stalled","stall-3316","0.134995","5.139326","5.139392","5004.331","3","0 0 0"
"healthy","ok-001","0.135419","0.135670","0.135676","0.251","1","0"
"healthy","ok-002","0.155323","0.155632","0.155638","0.309","1","0"
"healthy","ok-003","0.148393","0.148636","0.148642","0.243","1","0"
"healthy","ok-004","0.155924","0.156187","0.156203","0.263","1","0"
"healthy","ok-005","0.185957","0.186242","0.186248","0.285","1","0"
"healthy","ok-006","0.158049","0.158311","0.158317","0.262","1","0"
"healthy","ok-007","0.130056","0.130306","0.130313","0.25","1","0"
"healthy","ok-008","0.198030","0.198292","0.198299","0.262","1","0"
"healthy","ok-009","0.147309","0.147569","0.147575","0.26","1","0"
"healthy","ok-010","0.174802","0.175051","0.175057","0.249","1","0"
