"delay_ms","capture","work_created_s","submit_enter_s","delivery_s","delivery_minus_submit_ms","delivery_minus_create_ms","first_callback_target"
"0","stall-0143","5.016541","5.016566","5.016831","0.265","0.29","wait"
"0","stall-0233","5.004983","5.005015","5.005278","0.263","0.295","wait"
"0","stall-0434","5.016554","5.016575","5.016863","0.288","0.309","wait"
"0","stall-0902","5.003574","5.003601","5.003875","0.274","0.301","wait"
"0","stall-1090","5.012111","5.012134","5.012433","0.299","0.322","wait"
"0","stall-2039","5.017235","5.017272","5.017759","0.487","0.524","wait"
"0","stall-2400","5.009606","5.009625","5.009936","0.311","0.33","wait"
"0","stall-2513","5.011632","5.011654","5.011904","0.25","0.272","wait"
"0","stall-2651","5.004255","5.004307","5.004587","0.28","0.332","wait"
"0","stall-2773","5.012714","5.012735","5.013006","0.271","0.292","wait"
"0","stall-2960","5.003159","5.003179","5.003465","0.286","0.306","wait"
"0","stall-3131","5.017065","5.017089","5.017627","0.538","0.562","wait"
"0","stall-3179","5.009524","5.009552","5.009844","0.292","0.32","wait"
"0","stall-3247","5.010605","5.010624","5.010945","0.321","0.34","wait"
"0","stall-3405","5.003721","5.003742","5.004004","0.262","0.283","wait"
"0","stall-3722","5.011522","5.011541","5.011818","0.277","0.296","wait"
"0","stall-3964","5.010330","5.010347","5.010634","0.287","0.304","wait"
"250","stall-0209","5.014343","5.264425","5.264741","0.316","250.398","wait"
"250","stall-0285","5.005720","5.256021","5.256300","0.279","250.58","wait"
"250","stall-0553","5.011098","5.261391","5.261697","0.306","250.599","wait"
"250","stall-0594","5.008717","5.259218","5.259500","0.282","250.783","wait"
"250","stall-0828","5.005729","5.255901","5.256201","0.3","250.472","wait"
"250","stall-0903","5.007442","5.258045","5.258385","0.34","250.943","wait"
"250","stall-0914","5.007028","5.257360","5.257672","0.312","250.644","wait"
"250","stall-1128","5.008024","5.258203","5.258480","0.277","250.456","wait"
"250","stall-1223","5.003059","5.253376","5.253680","0.304","250.621","wait"
"250","stall-2136","5.006068","5.256264","5.256568","0.304","250.5","wait"
"250","stall-2296","5.011990","5.262224","5.262523","0.299","250.533","wait"
"250","stall-2355","5.002374","5.252841","5.253131","0.29","250.757","wait"
"250","stall-2418","5.008705","5.259093","5.259340","0.247","250.635","wait"
"250","stall-2597","5.013142","5.263328","5.263660","0.332","250.518","wait"
"250","stall-2882","5.006717","5.257316","5.257573","0.257","250.856","wait"
"250","stall-2967","5.012292","5.262383","5.262657","0.274","250.365","wait"
"250","stall-3410","5.015686","5.266246","5.266559","0.313","250.873","wait"
"250","stall-3618","5.009687","5.260080","5.260474","0.394","250.787","wait"
"250","stall-3918","5.010611","5.260847","5.261130","0.283","250.519","wait"
"500","stall-0186","5.010086","5.510598","5.510923","0.325","500.837","wait"
"500","stall-0266","5.009605","5.510010","5.510406","0.396","500.801","wait"
"500","stall-0281","5.012217","5.512507","5.512798","0.291","500.581","wait"
"500","stall-0335","5.007042","5.507276","5.507650","0.374","500.608","wait"
"500","stall-0680","5.009282","5.509758","5.510091","0.333","500.809","wait"
"500","stall-0748","5.014597","5.514985","5.515233","0.248","500.636","wait"
"500","stall-0881","5.014347","5.514988","5.517804","2.816","503.457","wait"
"500","stall-0926","5.016758","5.517262","5.517585","0.323","500.827","wait"
"500","stall-1104","5.004193","5.504527","5.504846","0.319","500.653","wait"
"500","stall-1615","5.011130","5.511542","5.511885","0.343","500.755","wait"
"500","stall-1693","5.005846","5.506347","5.506669","0.322","500.823","wait"
"500","stall-1881","5.005569","5.506114","5.506401","0.287","500.832","wait"
"500","stall-2325","5.016952","5.517496","5.517778","0.282","500.826","wait"
"500","stall-2518","5.005924","5.506179","5.506461","0.282","500.537","wait"
"500","stall-2604","5.017018","5.517366","5.517666","0.3","500.648","wait"
"500","stall-2655","5.011133","5.511707","5.512046","0.339","500.913","wait"
"500","stall-2774","5.004304","5.504821","5.505112","0.291","500.808","wait"
"500","stall-2869","5.015514","5.515980","5.516252","0.272","500.738","wait"
"500","stall-3111","5.011725","5.512042","5.512315","0.273","500.59","wait"
"500","stall-3220","5.017253","5.517644","5.517996","0.352","500.743","wait"
"500","stall-3634","5.015981","5.516437","5.516705","0.268","500.724","wait"
"500","stall-3820","5.006655","5.507160","5.507430","0.27","500.775","wait"
"500","stall-3851","5.007995","5.508110","5.508425","0.315","500.43","wait"
"1000","stall-0265","5.007863","6.008230","6.008517","0.287","1000.654","wait"
"1000","stall-0281","5.004981","6.005346","6.005595","0.249","1000.614","wait"
"1000","stall-0908","5.016468","6.017326","6.017616","0.29","1001.148","wait"
"1000","stall-1142","5.010062","6.010728","6.011031","0.303","1000.969","wait"
"1000","stall-1288","5.017817","6.017966","6.018268","0.302","1000.451","wait"
"1000","stall-1485","5.012623","6.013140","6.013500","0.36","1000.877","wait"
"1000","stall-1492","5.019178","6.019626","6.019943","0.317","1000.765","wait"
"1000","stall-2099","5.010107","6.010282","6.010571","0.289","1000.464","wait"
"1000","stall-2341","5.002709","6.003034","6.003393","0.359","1000.684","wait"
"1000","stall-2541","5.009290","6.009631","6.009907","0.276","1000.617","wait"
"1000","stall-2654","5.004837","6.005300","6.005617","0.317","1000.78","wait"
"1000","stall-2683","5.005719","6.005871","6.006152","0.281","1000.433","wait"
"1000","stall-3065","5.002858","6.003333","6.003641","0.308","1000.783","wait"
"1000","stall-3416","5.011036","6.011445","6.011738","0.293","1000.702","wait"
"1000","stall-3797","5.007800","6.008230","6.008499","0.269","1000.699","wait"
"1000","stall-3912","5.012544","6.013064","6.013347","0.283","1000.803","wait"
"2000","stall-0093","5.013024","7.013410","7.013785","0.375","2000.761","wait"
"2000","stall-0125","5.014520","7.015019","7.015315","0.296","2000.795","wait"
"2000","stall-0516","5.007831","7.007987","7.008301","0.314","2000.47","wait"
"2000","stall-0567","5.013989","7.014227","7.014543","0.316","2000.554","wait"
"2000","stall-0654","5.010309","7.010518","7.010793","0.275","2000.484","wait"
"2000","stall-0812","5.007640","7.007967","7.008296","0.329","2000.656","wait"
"2000","stall-1076","5.012766","7.013180","7.013472","0.292","2000.706","wait"
"2000","stall-1130","5.005053","7.005818","7.006174","0.356","2001.121","wait"
"2000","stall-1205","5.005578","7.005888","7.006215","0.327","2000.637","wait"
"2000","stall-1416","5.004990","7.005527","7.005845","0.318","2000.855","wait"
"2000","stall-1439","5.007889","7.008290","7.008681","0.391","2000.792","wait"
"2000","stall-1738","5.004558","7.005119","7.005397","0.278","2000.839","wait"
"2000","stall-1936","5.003095","7.003503","7.003871","0.368","2000.776","wait"
"2000","stall-2207","5.012978","7.013106","7.013389","0.283","2000.411","wait"
"2000","stall-2222","5.008212","7.008291","7.008543","0.252","2000.331","wait"
"2000","stall-2775","5.016413","7.016759","7.017016","0.257","2000.603","wait"
"2000","stall-2860","5.003324","7.003488","7.003771","0.283","2000.447","wait"
"2000","stall-3256","5.017598","7.017724","7.018014","0.29","2000.416","wait"
"2000","stall-3319","5.011472","7.011861","7.012164","0.303","2000.692","wait"
"2000","stall-3533","5.004160","7.004303","7.004576","0.273","2000.416","wait"
"2000","stall-3651","5.017242","7.017489","7.017824","0.335","2000.582","wait"
"2000","stall-3679","5.008145","7.008617","7.008957","0.34","2000.812","wait"
"2000","stall-3813","5.006811","7.007502","7.007811","0.309","2001","wait"
"2000","stall-3890","5.009427","7.009890","7.010208","0.318","2000.781","wait"
