"delay","capture","wait_before_work","work_minus_wait_us","threads_in_first_5ms","callbacks_in_first_5ms"
"0","stall-0143","True","32","2","7"
"0","stall-0233","True","31","2","7"
"0","stall-0434","True","29","2","7"
"0","stall-0902","True","36","2","7"
"0","stall-1090","True","31","2","7"
"0","stall-2039","True","58","2","7"
"0","stall-2400","True","31","2","7"
"0","stall-2513","True","34","2","7"
"0","stall-2651","True","35","2","7"
"0","stall-2773","True","31","2","7"
"0","stall-2960","True","29","2","7"
"0","stall-3131","True","51","2","7"
"0","stall-3179","True","37","2","7"
"0","stall-3247","True","39","2","7"
"0","stall-3405","True","29","2","7"
"0","stall-3722","True","30","2","7"
"0","stall-3964","True","57","2","7"
"250","stall-0209","True","53","2","7"
"250","stall-0285","True","41","2","7"
"250","stall-0553","True","40","2","7"
"250","stall-0594","True","33","2","7"
"250","stall-0828","True","37","2","7"
"250","stall-0903","True","34","2","7"
"250","stall-0914","True","44","2","7"
"250","stall-1128","True","31","2","7"
"250","stall-1223","True","33","2","7"
"250","stall-2136","True","35","2","7"
"250","stall-2296","True","34","1","7"
"250","stall-2355","True","34","2","7"
"250","stall-2418","True","32","2","7"
"250","stall-2597","True","43","2","7"
"250","stall-2882","True","40","2","7"
"250","stall-2967","True","39","2","7"
"250","stall-3410","True","67","2","7"
"250","stall-3618","True","50","2","7"
"250","stall-3918","True","40","2","7"
"500","stall-0186","True","40","2","7"
"500","stall-0266","True","46","2","7"
"500","stall-0281","True","39","2","7"
"500","stall-0335","True","44","2","7"
"500","stall-0680","True","41","2","7"
"500","stall-0748","True","33","2","7"
"500","stall-0881","True","43","1","7"
"500","stall-0926","True","37","2","7"
"500","stall-1104","True","45","2","7"
"500","stall-1615","True","63","2","7"
"500","stall-1693","True","42","2","7"
"500","stall-1881","True","34","2","7"
"500","stall-2325","True","33","2","7"
"500","stall-2518","True","39","2","7"
"500","stall-2604","True","37","1","7"
"500","stall-2655","True","34","2","7"
"500","stall-2774","True","39","2","7"
"500","stall-2869","True","35","2","7"
"500","stall-3111","True","34","1","7"
"500","stall-3220","True","62","2","7"
"500","stall-3634","True","40","2","7"
"500","stall-3820","True","35","2","7"
"500","stall-3851","True","39","2","7"
"1000","stall-0265","True","40","2","7"
"1000","stall-0281","True","35","2","7"
"1000","stall-0908","True","34","2","7"
"1000","stall-1142","True","43","2","7"
"1000","stall-1288","True","36","2","7"
"1000","stall-1485","True","35","2","7"
"1000","stall-1492","True","41","2","7"
"1000","stall-2099","True","34","1","7"
"1000","stall-2341","True","41","2","5"
"1000","stall-2541","True","45","2","7"
"1000","stall-2654","True","43","2","7"
"1000","stall-2683","True","41","2","7"
"1000","stall-3065","True","35","2","7"
"1000","stall-3416","True","49","1","7"
"1000","stall-3797","True","35","2","7"
"1000","stall-3912","True","47","2","7"
"2000","stall-0093","True","34","2","7"
"2000","stall-0125","True","39","2","7"
"2000","stall-0516","True","34","2","7"
"2000","stall-0567","True","35","2","7"
"2000","stall-0654","True","34","2","7"
"2000","stall-0812","True","34","2","7"
"2000","stall-1076","True","42","2","7"
"2000","stall-1130","True","40","2","7"
"2000","stall-1205","True","34","2","7"
"2000","stall-1416","True","43","2","7"
"2000","stall-1439","True","52","2","7"
"2000","stall-1738","True","36","2","7"
"2000","stall-1936","True","53","1","5"
"2000","stall-2207","True","39","2","7"
"2000","stall-2222","True","41","2","7"
"2000","stall-2775","True","36","2","7"
"2000","stall-2860","True","42","2","7"
"2000","stall-3256","True","34","1","7"
"2000","stall-3319","True","40","2","7"
"2000","stall-3533","True","38","2","7"
"2000","stall-3651","True","43","2","7"
"2000","stall-3679","True","43","2","7"
"2000","stall-3813","True","37","2","7"
"2000","stall-3890","True","40","2","7"
