"capture","depth_before","workers_before","depth_after","workers_after"
"stall-00158.txt","2","0","4","0"
"stall-00504.txt","2","0","4","0"
"stall-00046.txt","2","0","4","0"
"stall-00094.txt","2","0","4","0"
"stall-01001.txt","2","0","4","0"
"stall-01254.txt","2","0","4","0"
"stall-00429.txt","2","0","4","0"
"stall-00891.txt","2","0","4","0"
"stall-00739.txt","2","0","4","0"
"stall-01109.txt","2","0","4","0"
"stall-01204.txt","2","0","4","0"
"stall-01380.txt","2","0","4","0"
"stall-01383.txt","2","0","4","0"
