"arm","capture","threads_alive_at_snapshot","snapshot_at_s","wait_callbacks","distinct_serving_threads","serving_threads_that_pre_existed","first_wait_served_by_preexisting_thread"
"stalled","stall-0261","6","5.295749","5","2","0","False"
"stalled","stall-0605","6","5.294234","5","2","0","False"
"stalled","stall-1187","6","5.245609","5","2","0","False"
"stalled","stall-1296","6","5.300380","5","2","0","False"
"stalled","stall-2524","6","5.284981","5","2","0","False"
"stalled","stall-2650","6","5.298990","5","2","0","False"
"stalled","stall-2688","6","5.295614","5","1","0","False"
"stalled","stall-3101","6","5.225485","5","2","0","False"
"stalled","stall-3508","6","5.337858","5","2","0","False"
"stalled","stall-3618","6","5.296964","5","2","0","False"
"stalled","stall-3727","6","5.407170","5","2","0","False"
"stalled","stall-3788","6","5.290964","5","2","0","False"
"healthy","ok-001","6","0.206555","2","1","1","True"
"healthy","ok-002","6","0.207410","2","1","1","True"
"healthy","ok-003","6","0.257268","2","1","1","True"
"healthy","ok-004","6","0.227921","2","1","1","True"
"healthy","ok-005","6","0.202273","2","1","1","True"
"healthy","ok-006","6","0.165668","2","1","1","True"
"healthy","ok-007","6","0.228296","2","1","1","True"
"healthy","ok-008","6","0.169306","2","1","1","True"
"healthy","ok-009","6","0.165128","2","1","1","True"
"healthy","ok-010","6","0.147760","2","1","1","True"
"healthy","ok-011","6","0.219659","2","1","1","True"
"healthy","ok-012","6","0.190570","2","1","1","True"
"healthy","ok-013","6","0.161593","2","1","1","True"
"healthy","ok-014","6","0.156782","2","1","1","True"
"healthy","ok-015","6","0.184811","2","1","1","True"
"healthy","ok-016","6","0.150309","2","1","1","True"
"healthy","ok-017","6","0.157022","2","1","1","True"
"healthy","ok-018","6","0.152291","2","1","1","True"
"healthy","ok-019","6","0.151098","2","1","1","True"
"healthy","ok-020","6","0.136094","2","1","1","True"
"healthy","ok-021","6","0.148005","2","1","1","True"
"healthy","ok-022","6","0.127612","2","1","1","True"
"healthy","ok-023","6","0.128343","2","1","1","True"
"healthy","ok-024","6","0.122934","2","1","1","True"
"healthy","ok-025","6","0.159363","2","1","1","True"
"healthy","ok-026","6","0.134346","2","1","1","True"
"healthy","ok-027","6","0.142694","2","1","1","True"
"healthy","ok-028","6","0.142130","2","1","1","True"
"healthy","ok-029","6","0.133178","2","1","1","True"
"healthy","ok-030","6","0.129412","2","1","1","True"
