"arm","capture","trigger_drop_closed_s","first_victim_armed_s","second_victim_armed_s","trigger_finished_first","gap_ms"
"failing","stall-0022","0.000069","0.002347","0.002511","True","2.278"
"failing","stall-0452","0.000053","0.002118","0.002238","True","2.065"
"failing","stall-1021","0.000055","0.002186","0.002504","True","2.131"
"failing","stall-0048","0.000070","0.002395","0.002553","True","2.325"
"failing","stall-0152","0.000054","0.002225","0.002335","True","2.171"
"failing","stall-1312","0.000057","0.002465","0.002518","True","2.408"
"failing","stall-0007","0.000065","0.002527","0.002669","True","2.462"
"failing","stall-1032","0.000054","0.002199","0.002352","True","2.145"
"failing","stall-1070","0.000051","0.002337","0.002343","True","2.286"
"failing","stall-0064","0.000204","0.002599","0.002945","True","2.395"
"failing","stall-1887","0.000194","0.002509","0.002619","True","2.315"
"failing","stall-3477","0.000179","0.002730","0.002805","True","2.551"
"failing","stall-0121","0.000194","0.002397","0.002466","True","2.203"
"failing","stall-1928","0.000180","0.002429","0.002549","True","2.249"
"failing","stall-3505","0.000183","0.002655","0.007196","True","2.472"
"failing","stall-0681","0.000079","0.002580","0.002694","True","2.501"
"failing","stall-2130","0.000067","0.004587","0.004707","True","4.52"
"failing","stall-3988","0.000074","0.002060","0.002119","True","1.986"
"failing","stall-0335","0.000081","0.002346","0.002414","True","2.265"
"failing","stall-1408","0.000071","0.002865","0.002983","True","2.794"
"failing","stall-1896","0.000072","0.002224","0.002297","True","2.152"
"failing","stall-0109","0.000077","0.002113","0.002182","True","2.036"
"failing","stall-2106","0.000086","0.002367","0.002542","True","2.281"
"failing","stall-3884","0.000085","0.002517","0.002705","True","2.432"
"failing","stall-0295","0.000082","0.002543","0.002716","True","2.461"
"failing","stall-1146","0.000087","0.002119","0.002195","True","2.032"
"failing","stall-1283","0.000085","0.002889","0.003005","True","2.804"
"failing","stall-1978","0.000080","0.002368","0.002428","True","2.288"
"failing","stall-3250","0.000101","0.002254","0.002386","True","2.153"
"failing","stall-1264","0.000077","0.002468","0.002560","True","2.391"
"failing","stall-1580","0.000075","0.002401","0.002440","True","2.326"
"failing","stall-1599","0.000073","0.002208","0.002330","True","2.135"
"failing","stalled","0.000080","0.002413","0.002548","True","2.333"
"failing","stalled","0.146527","0.148777","0.148993","True","2.25"
"failing","stalled-user-mode-trace","0.156113","0.158701","0.158781","True","2.588"
"failing","stalled","0.000081","0.002241","0.002365","True","2.16"
"failing","stall-0162","0.000071","0.002351","0.002565","True","2.28"
"failing","stall-0315","0.000073","0.002669","0.002717","True","2.596"
"failing","stall-0328","0.000087","0.002313","0.002463","True","2.226"
"failing","stall-0415","0.000077","0.002410","0.002511","True","2.333"
"failing","stall-0493","0.000080","0.002275","0.002394","True","2.195"
"failing","stall-0839","0.000068","0.002198","0.002316","True","2.13"
"failing","stall-0189","0.000054","0.002273","0.002353","True","2.219"
"failing","stall-0744","0.000064","0.002961","0.003177","True","2.897"
"failing","stall-0898","0.000057","0.002309","0.002872","True","2.252"
"failing","stall-1065","0.000061","0.002201","0.002318","True","2.14"
"failing","stall-1226","0.000060","0.004352","0.004607","True","4.292"
"failing","stall-1239","0.000066","0.002109","0.002234","True","2.043"
"failing","stall-1848","0.000061","0.002250","0.002366","True","2.189"
"failing","stall-1939","0.000062","0.002360","0.002628","True","2.298"
"failing","stall-2236","0.000054","0.002218","0.002385","True","2.164"
"failing","stall-2509","0.000056","0.002204","0.002313","True","2.148"
"failing","stall-2527","0.000054","0.002601","0.002773","True","2.547"
"failing","stall-2720","0.000055","0.002141","0.002255","True","2.086"
"failing","stall-2748","0.000052","0.002149","0.002204","True","2.097"
"failing","stall-3067","0.000052","0.002378","0.002464","True","2.326"
"failing","stall-0057","0.000223","0.002727","0.002796","True","2.504"
"failing","stall-1610","0.000245","0.002340","0.002431","True","2.095"
"failing","stall-3888","0.000173","0.002636","0.002716","True","2.463"
"failing","delay-0ms","0.000079","0.002100","0.002471","True","2.021"
"failing","delay-2000ms","0.000112","0.002459","0.002475","True","2.347"
"failing","stall-0447","0.000086","0.002129","0.002201","True","2.043"
"failing","stall-1859","0.000079","0.002203","0.002310","True","2.124"
"failing","stall-3029","0.000086","0.002214","0.002332","True","2.128"
"failing","stall-capture","0.000073","0.002309","0.002412","True","2.236"
"failing","stall-0589","0.000074","0.002591","0.002718","True","2.517"
"failing","stall-1212","0.000056","0.002342","0.002482","True","2.286"
"failing","stall-2105","0.000062","0.002262","0.002402","True","2.2"
"failing","stall-0308","0.000055","0.002108","0.002362","True","2.053"
"failing","stall-0380","0.000057","0.002568","0.002717","True","2.511"
"failing","stall-0525","0.000058","0.002424","0.002540","True","2.366"
"failing","stall-0524","0.000062","0.009918","0.010041","True","9.856"
"failing","stall-0543","0.000061","0.002511","0.002697","True","2.45"
"failing","stall-0612","0.000057","0.002107","0.002228","True","2.05"
"failing","stall-0276","0.000066","0.002697","0.002813","True","2.631"
"failing","stall-0470","0.000071","0.002947","0.003126","True","2.876"
"failing","stall-1307","0.000066","0.002449","0.002590","True","2.383"
"failing","stall-0007","0.000053","0.002204","0.002379","True","2.151"
"failing","stall-0302","0.000070","0.001907","0.001956","True","1.837"
"failing","stall-0859","0.000054","0.002520","0.002583","True","2.466"
"passing","pass-001","0.000723","0.003329","0.003359","True","2.606"
"passing","pass-002","0.000693","0.003045","0.003183","True","2.352"
"passing","pass-003","0.000737","0.003481","0.003607","True","2.744"
"passing","pass-004","0.000835","0.003392","0.003543","True","2.557"
"passing","pass-005","0.000750","0.003342","0.003505","True","2.592"
"passing","pass-006","0.000745","0.002995","0.003124","True","2.25"
"passing","pass-007","0.000720","0.003246","0.003373","True","2.526"
"passing","pass-008","0.000789","0.003414","0.003625","True","2.625"
"passing","pass-010","0.000673","0.003014","0.003083","True","2.341"
"passing","pass-011","0.000730","0.003562","0.003809","True","2.832"
"passing","pass-012","0.000648","0.003029","0.003099","True","2.381"
"passing","pass-015","0.000699","0.003271","0.003330","True","2.572"
"passing","pass-016","0.000682","0.003069","0.003288","True","2.387"
"passing","pass-017","0.000659","0.003595","0.004183","True","2.936"
"passing","pass-018","0.000649","0.002954","0.003067","True","2.305"
"passing","pass-019","0.000801","0.003344","0.003539","True","2.543"
"passing","pass-020","0.000705","0.003523","0.003747","True","2.818"
"passing","pass-022","0.000676","0.003055","0.003157","True","2.379"
"passing","pass-023","0.000720","0.003537","0.003716","True","2.817"
"passing","pass-024","0.000815","0.003030","0.003281","True","2.215"
"passing","pass-025","0.000751","0.002990","0.003078","True","2.239"
"passing","pass-026","0.000774","0.003557","0.003855","True","2.783"
"passing","pass-027","0.000613","0.003012","0.003091","True","2.399"
"passing","pass-028","0.000852","0.003498","0.003726","True","2.646"
"passing","pass-029","0.000699","0.003400","0.003647","True","2.701"
"passing","pass-030","0.000760","0.003485","0.003519","True","2.725"
"passing","pass-031","0.000835","0.003260","0.003475","True","2.425"
"passing","pass-032","0.000649","0.003621","0.003780","True","2.972"
"passing","pass-033","0.000689","0.003208","0.003287","True","2.519"
"passing","pass-034","0.000688","0.002864","0.002944","True","2.176"
"passing","pass-036","0.000709","0.003281","0.003378","True","2.572"
"passing","pass-037","0.000689","0.002845","0.002983","True","2.156"
"passing","pass-038","0.000582","0.002835","0.002977","True","2.253"
"passing","pass-039","0.000652","0.003023","0.003279","True","2.371"
"passing","pass-041","0.000700","0.003190","0.003312","True","2.49"
"passing","pass-042","0.000651","0.003063","0.003238","True","2.412"
"passing","pass-043","0.000626","0.002751","0.002917","True","2.125"
"passing","pass-045","0.000669","0.002843","0.002963","True","2.174"
"passing","pass-046","0.000982","0.003354","0.003436","True","2.372"
"passing","pass-047","0.000723","0.003390","0.003433","True","2.667"
"passing","pass-048","0.000806","0.003420","0.003615","True","2.614"
"passing","pass-049","0.000587","0.002661","0.002783","True","2.074"
"passing","pass-050","0.000832","0.003457","0.003570","True","2.625"
"passing","pass-051","0.000722","0.003568","0.003681","True","2.846"
"passing","pass-052","0.000723","0.003219","0.003406","True","2.496"
"passing","pass-053","0.000634","0.002932","0.003266","True","2.298"
"passing","pass-054","0.000681","0.003300","0.003660","True","2.619"
"passing","pass-055","0.000754","0.003146","0.003372","True","2.392"
"passing","pass-056","0.000756","0.003971","0.004092","True","3.215"
"passing","pass-057","0.000766","0.003490","0.003672","True","2.724"
"passing","pass-058","0.000756","0.002919","0.002953","True","2.163"
"passing","pass-059","0.000627","0.002912","0.003075","True","2.285"
"passing","pass-060","0.000716","0.002799","0.002900","True","2.083"
"passing","pass-061","0.000771","0.003317","0.003410","True","2.546"
"passing","pass-062","0.000736","0.003313","0.003382","True","2.577"
"passing","pass-063","0.000626","0.003106","0.003258","True","2.48"
"passing","pass-064","0.000929","0.003265","0.003428","True","2.336"
"passing","pass-065","0.000706","0.003095","0.003307","True","2.389"
"passing","pass-066","0.000710","0.002821","0.002962","True","2.111"
"passing","pass-067","0.000788","0.003831","0.003949","True","3.043"
"passing","pass-068","0.000754","0.003044","0.003174","True","2.29"
"passing","pass-069","0.000650","0.002914","0.003006","True","2.264"
"passing","pass-070","0.000786","0.003987","0.004145","True","3.201"
"passing","pass-071","0.000619","0.002926","0.003065","True","2.307"
"passing","pass-072","0.000683","0.003296","0.003324","True","2.613"
"passing","pass-073","0.000687","0.003115","0.003269","True","2.428"
"passing","pass-074","0.000830","0.003487","0.003583","True","2.657"
"passing","pass-075","0.000649","0.002969","0.003091","True","2.32"
"passing","pass-077","0.000700","0.003217","0.003349","True","2.517"
"passing","pass-078","0.000729","0.002819","0.003039","True","2.09"
"passing","pass-079","0.000630","0.002996","0.003037","True","2.366"
"passing","pass-080","0.000589","0.002942","0.003085","True","2.353"
"passing","pass-081","0.000744","0.002869","0.002970","True","2.125"
"passing","pass-082","0.000594","0.004010","0.004134","True","3.416"
"passing","pass-083","0.000642","0.002891","0.003026","True","2.249"
"passing","pass-084","0.000647","0.003283","0.003458","True","2.636"
"passing","pass-085","0.000650","0.002949","0.003081","True","2.299"
"passing","pass-086","0.000725","0.002991","0.003150","True","2.266"
"passing","pass-087","0.000731","0.003155","0.003256","True","2.424"
"passing","pass-088","0.000746","0.003057","0.003142","True","2.311"
"passing","pass-089","0.000759","0.003653","0.003780","True","2.894"
"passing","pass-091","0.000893","0.003674","0.003714","True","2.781"
"passing","pass-092","0.000659","0.003091","0.003231","True","2.432"
"passing","pass-093","0.000611","0.002904","0.003008","True","2.293"
"passing","pass-094","0.000711","0.003068","0.003161","True","2.357"
"passing","pass-095","0.000715","0.003128","0.003296","True","2.413"
"passing","pass-096","0.000721","0.003323","0.003339","True","2.602"
"passing","pass-097","0.000798","0.003326","0.003462","True","2.528"
"passing","pass-098","0.000844","0.003252","0.003411","True","2.408"
"passing","pass-099","0.000719","0.003283","0.003639","True","2.564"
"passing","pass-100","0.000847","0.003219","0.003363","True","2.372"
"passing","pass-102","0.000904","0.004281","0.004444","True","3.377"
"passing","pass-103","0.000817","0.003292","0.003677","True","2.475"
"passing","pass-104","0.000647","0.002869","0.002999","True","2.222"
"passing","pass-105","0.000672","0.002827","0.002905","True","2.155"
"passing","pass-106","0.000566","0.002863","0.003010","True","2.297"
"passing","pass-107","0.000634","0.003014","0.003132","True","2.38"
"passing","pass-108","0.000727","0.003210","0.003372","True","2.483"
"passing","pass-109","0.000743","0.003228","0.003357","True","2.485"
"passing","pass-110","0.000663","0.003170","0.003244","True","2.507"
"passing","pass-111","0.000712","0.003115","0.003193","True","2.403"
"passing","pass-112","0.000835","0.003088","0.003171","True","2.253"
"passing","pass-113","0.000664","0.002620","0.002759","True","1.956"
"passing","pass-114","0.000650","0.002823","0.002913","True","2.173"
"passing","pass-115","0.000621","0.003005","0.003161","True","2.384"
"passing","pass-116","0.000702","0.003298","0.003524","True","2.596"
"passing","pass-117","0.000794","0.002691","0.002893","True","1.897"
"passing","pass-118","0.000846","0.003427","0.004751","True","2.581"
"passing","pass-120","0.000698","0.003102","0.003215","True","2.404"
"passing","pass-121","0.000673","0.002971","0.003306","True","2.298"
"passing","pass-122","0.000954","0.003360","0.003549","True","2.406"
"passing","pass-123","0.000683","0.002813","0.003108","True","2.13"
"passing","pass-124","0.000621","0.002905","0.003014","True","2.284"
"passing","pass-125","0.000660","0.003142","0.003278","True","2.482"
"passing","pass-126","0.000719","0.002857","0.002964","True","2.138"
"passing","pass-127","0.000637","0.003030","0.003180","True","2.393"
"passing","pass-128","0.000787","0.003192","0.003306","True","2.405"
"passing","pass-129","0.000743","0.003152","0.003419","True","2.409"
"passing","pass-130","0.000716","0.003308","0.003410","True","2.592"
"passing","pass-131","0.000572","0.002920","0.003002","True","2.348"
"passing","pass-132","0.000628","0.002976","0.003097","True","2.348"
"passing","pass-133","0.000553","0.002701","0.002774","True","2.148"
"passing","pass-134","0.000814","0.003465","0.003663","True","2.651"
"passing","pass-135","0.000757","0.003517","0.003744","True","2.76"
"passing","pass-137","0.000685","0.003170","0.003301","True","2.485"
"passing","pass-138","0.000816","0.003214","0.003393","True","2.398"
"passing","pass-139","0.000547","0.002644","0.002778","True","2.097"
"passing","pass-140","0.000564","0.002717","0.002844","True","2.153"
"passing","pass-141","0.000564","0.002939","0.003067","True","2.375"
"passing","pass-142","0.000778","0.003346","0.003525","True","2.568"
"passing","pass-143","0.000744","0.003263","0.003436","True","2.519"
"passing","pass-144","0.000697","0.003229","0.003375","True","2.532"
"passing","pass-146","0.000681","0.002846","0.002955","True","2.165"
"passing","pass-147","0.000719","0.003215","0.003309","True","2.496"
"passing","pass-148","0.000806","0.003108","0.003280","True","2.302"
"passing","pass-149","0.000646","0.003403","0.003528","True","2.757"
"passing","pass-151","0.000840","0.003665","0.003894","True","2.825"
"passing","pass-152","0.000608","0.002883","0.002899","True","2.275"
"passing","pass-153","0.000652","0.003265","0.003356","True","2.613"
"passing","pass-154","0.000685","0.002958","0.003081","True","2.273"
"passing","pass-155","0.000716","0.003228","0.003374","True","2.512"
"passing","pass-156","0.000762","0.003459","0.003639","True","2.697"
"passing","pass-157","0.000693","0.002800","0.002899","True","2.107"
"passing","pass-158","0.000666","0.003030","0.003144","True","2.364"
"passing","pass-159","0.000655","0.002971","0.003054","True","2.316"
"passing","pass-160","0.000557","0.002694","0.002893","True","2.137"
"passing","pass-161","0.000570","0.002834","0.002916","True","2.264"
"passing","pass-162","0.000590","0.003066","0.003335","True","2.476"
"passing","pass-163","0.000694","0.003939","0.004497","True","3.245"
"passing","pass-164","0.000717","0.003070","0.003125","True","2.353"
"passing","pass-165","0.001048","0.004136","0.004908","True","3.088"
"passing","pass-166","0.000714","0.002927","0.003131","True","2.213"
"passing","pass-167","0.000615","0.002895","0.003053","True","2.28"
"passing","pass-168","0.000718","0.003082","0.003191","True","2.364"
"passing","pass-169","0.000614","0.002760","0.002911","True","2.146"
"passing","pass-170","0.000699","0.003265","0.003443","True","2.566"
"passing","pass-171","0.000668","0.002840","0.002856","True","2.172"
"passing","pass-173","0.000632","0.003213","0.003243","True","2.581"
"passing","pass-174","0.000546","0.002748","0.002810","True","2.202"
"passing","pass-175","0.000657","0.002728","0.002874","True","2.071"
"passing","pass-177","0.000754","0.003131","0.003291","True","2.377"
"passing","pass-178","0.000636","0.003100","0.003174","True","2.464"
"passing","pass-179","0.000633","0.002740","0.002848","True","2.107"
"passing","pass-180","0.000543","0.003063","0.003212","True","2.52"
"passing","pass-182","0.000750","0.003145","0.003388","True","2.395"
"passing","pass-183","0.000721","0.003129","0.003259","True","2.408"
"passing","pass-184","0.000776","0.003773","0.003990","True","2.997"
"passing","pass-185","0.000716","0.003199","0.003354","True","2.483"
"passing","pass-186","0.000698","0.002872","0.003031","True","2.174"
"passing","pass-187","0.000731","0.002950","0.003088","True","2.219"
"passing","pass-188","0.000727","0.029565","0.029985","True","28.838"
"passing","pass-189","0.000916","0.003459","0.003574","True","2.543"
"passing","pass-190","0.000657","0.003004","0.003138","True","2.347"
"passing","pass-191","0.000617","0.003256","0.003368","True","2.639"
"passing","pass-192","0.000865","0.003539","0.003609","True","2.674"
"passing","pass-193","0.000707","0.003379","0.003453","True","2.672"
"passing","pass-194","0.000701","0.003368","0.003447","True","2.667"
"passing","pass-195","0.000779","0.003216","0.003337","True","2.437"
"passing","pass-196","0.000688","0.003535","0.003674","True","2.847"
"passing","pass-197","0.000666","0.002736","0.002904","True","2.07"
"passing","pass-198","0.000707","0.003005","0.003070","True","2.298"
"passing","pass-199","0.000659","0.003319","0.003457","True","2.66"
"passing","pass-200","0.000839","0.003673","0.003790","True","2.834"
