"arm","capture","handle","thread_maximum","total_worker_count","waiting_worker_count","pending_worker_count","may_create","paused"
"stalled","stall-0186","28","768","0","0","0","1","0"
"stalled","stall-0186","152","3","3","3","0","0","0"
"stalled","stall-0380","28","768","0","0","0","1","0"
"stalled","stall-0380","152","3","3","3","0","0","0"
"stalled","stall-0411","28","768","0","0","0","1","0"
"stalled","stall-0411","144","3","3","3","0","0","0"
"stalled","stall-0456","28","768","0","0","0","1","0"
"stalled","stall-0456","144","3","3","3","0","0","0"
"stalled","stall-1016","28","768","0","0","0","1","0"
"stalled","stall-1016","144","3","3","3","0","0","0"
"stalled","stall-1264","28","768","0","0","0","1","0"
"stalled","stall-1264","144","3","3","3","0","0","0"
"stalled","stall-1972","28","768","0","0","0","1","0"
"stalled","stall-1972","144","3","3","3","0","0","0"
"stalled","stall-3293","28","768","0","0","0","1","0"
"stalled","stall-3293","152","3","3","3","0","0","0"
"stalled","stall-3624","28","768","0","0","0","1","0"
"stalled","stall-3624","144","3","3","3","0","0","0"
"stalled","stall-3842","28","768","0","0","0","1","0"
"stalled","stall-3842","144","3","3","3","0","0","0"
"stalled","stall-3860","28","768","0","0","0","1","0"
"stalled","stall-3860","144","3","3","3","0","0","0"
"stalled","stall-3900","28","768","0","0","0","1","0"
"stalled","stall-3900","144","3","3","3","0","0","0"
"healthy","ok-001","28","768","1","1","0","0","0"
"healthy","ok-001","144","3","3","3","0","0","0"
"healthy","ok-002","28","768","1","1","0","0","0"
"healthy","ok-002","144","3","3","3","0","0","0"
"healthy","ok-003","28","768","1","1","0","0","0"
"healthy","ok-003","144","3","3","3","0","0","0"
"healthy","ok-004","28","768","1","1","0","0","0"
"healthy","ok-004","144","3","3","3","0","0","0"
"healthy","ok-005","28","768","1","1","0","0","0"
"healthy","ok-005","144","3","3","3","0","0","0"
"healthy","ok-006","28","768","1","1","0","0","0"
"healthy","ok-006","144","3","3","3","0","0","0"
"healthy","ok-007","28","768","1","1","0","0","0"
"healthy","ok-007","144","3","3","3","0","0","0"
"healthy","ok-008","28","768","1","1","0","0","0"
"healthy","ok-008","144","3","3","3","0","0","0"
"healthy","ok-009","28","768","1","1","0","0","0"
"healthy","ok-009","144","3","3","3","0","0","0"
"healthy","ok-010","28","768","1","1","0","0","0"
"healthy","ok-010","144","3","3","3","0","0","0"
"healthy","ok-011","28","768","1","1","0","0","0"
"healthy","ok-011","144","3","3","3","0","0","0"
"healthy","ok-012","28","768","1","1","0","0","0"
"healthy","ok-012","144","3","3","3","0","0","0"
"healthy","ok-013","28","768","1","1","0","0","0"
"healthy","ok-013","152","3","3","3","0","0","0"
"healthy","ok-014","28","768","1","1","0","0","0"
"healthy","ok-014","152","3","3","3","0","0","0"
"healthy","ok-015","28","768","1","1","0","0","0"
"healthy","ok-015","144","3","3","3","0","0","0"
"healthy","ok-016","28","768","1","1","0","0","0"
"healthy","ok-016","144","3","3","3","0","0","0"
"healthy","ok-017","28","768","1","1","0","0","0"
"healthy","ok-017","144","3","3","3","0","0","0"
"healthy","ok-018","28","768","1","1","0","0","0"
"healthy","ok-018","144","3","3","3","0","0","0"
"healthy","ok-019","28","768","1","1","0","0","0"
"healthy","ok-019","144","3","3","3","0","0","0"
"healthy","ok-020","28","768","1","1","0","0","0"
"healthy","ok-020","144","3","3","3","0","0","0"
