build,teardown,runs,failures,block_provenance
reverted,cancel,5000,15,"target/reverted, M-T4.2 undone, block 1"
reverted,cancel,5000,18,"target/reverted, M-T4.2 undone, block 2"
current,drain,5000,0,"target/debug, block 1"
current,drain,5000,0,"target/debug, block 2"
current,drain,12000,0,"target/debug, salvaged arm 1 of the voided gap run"
current,drain,12000,0,"target/debug, salvaged arm 2 of the voided gap run"
current,drain,12000,0,"target/debug, salvaged arm 3 of the voided gap run"
current,drain,12000,0,"target/debug, salvaged arm 4 of the voided gap run"
current,drain,12000,0,"target/debug, salvaged arm 5 of the voided gap run"
