"capture","pool_port_depth","total_workers","may_create","create_in_progress"
"stall-00938.txt","2","0","1","0"
"stall-01063.txt","2","0","1","0"
"stall-01323.txt","2","0","1","0"
"stall-00087.txt","2","0","1","0"
"stall-00275.txt","2","0","1","0"
"stall-00534.txt","2","0","1","0"
"stall-00779.txt","2","0","1","0"
"stall-01140.txt","2","0","1","0"
"stall-00968.txt","2","0","1","0"
"stall-01077.txt","2","0","1","0"
"stall-00391.txt","2","0","1","0"
"stall-00562.txt","2","0","1","0"
"stall-00919.txt","2","0","1","0"
"stall-01111.txt","2","0","1","0"
"stall-01196.txt","2","0","1","0"
